program_id,is_cfp,is_academic,is_secret,program_name,agency_name,keywords,program_areas,research_areas,proposal_summary,genAI_relevance,NLP_relevance,CV_relevance,award_info,start_date,end_date,submission_format,contact
PAS-AR200-FY25-06,Yes,Yes,No,U.S. Embassy Buenos Aires PAS Annual Program Statement,U.S Department of State,"Economic Strength, Governance, Entrepreneurship, Accountability, Propaganda, Censorship, Program Evaluation, Performance Goals, Civil Society, Public Diplomacy","Economic Strength and Prosperity, Good Governance, Anti-Corruption, Democratic Principles, Combatting Propaganda","Political Science, Public Policy, International Relations, Economics, Social Sciences","The program aims to enhance U.S. safety and prosperity through strategic initiatives in economic development, governance, accountability, and combating misinformation in Argentina.",No,No,No,"Funding amounts range from $25,000 to $100,000, with a total of $250,000 available for 10 anticipated awards.",2025-30-06,2025-30-06,full proposal,US-ArgentinaGrants@state.gov
W912EF-25-2-RPA-0002,Yes,Yes,No,Youth Conservation Services,U.S. Army Corps of Engineers,"education, job training, public lands, vegetation management, prescribed burns, landscaping, environmental stewardship, conservation, park maintenance, skills development","Natural Resources, Environmental Education, Job Training, Youth Programs, Conservation Services","Natural Resource Management, Environmental Education, Workforce Development, Conservation Biology, Youth Engagement","The USACE seeks cooperative agreements for educational and job-training initiatives in public lands maintenance, vegetation management, and environmental stewardship.",No,No,No,"Estimated Total Funding: $36,000.00, Estimated Number of Awards: 1, Period of Performance: May 28, 2025, through August 30, 2025",2025-17-04,2025-17-05,full proposal,Victoria Conway: victoria.l.conway@usace.army.mil
W911KB-25-2-0007,Yes,No,No,Funding Opportunity Announcement for Land Rehabilitation and Maintenance,U.S. Army Corps of Engineers,"Land Rehabilitation, Military Training, Environmental Health, Biodiversity, Ecosystem Management, Natural Resources, Training Support, Cooperative Agreement, Environmental Compliance, Alaska","Land Rehabilitation, Military Training, Environmental Management, Ecosystem Restoration, Compliance with Environmental Laws","Natural Resource Management, Environmental Science, Ecological Health, Military Training Support, Conservation Biology","The project aims to assist land rehabilitation for military training areas in Alaska, promoting ecological health while supporting training activities of the 11th Airborne Division.",No,No,No,"Total Funding: $3,707,438; Number of Awards: 1; Period of Performance: 12 months from award date.",2025-17-04,2025-14-05,full proposal,Pamela Iverson: pamela.iverson@usace.army.mil
PAS-AR200-FY25 -05,Yes,Yes,No,U.S. Embassy Buenos Aires PAS Strategic Programs,U.S. DEPARTMENT OF STATE,"Women Entrepreneurs, Public Diplomacy, Economic Development, Leadership Training, Networking, Education, Bilingual Job Fair, Alumni Groups, Democracy, Program Evaluation",Public Diplomacy Programs,"Entrepreneurship, Education, Public Policy, Community Development, Economic Growth","The proposal invites funding for programs promoting women's entrepreneurship, leadership training, and public diplomacy, aiming to strengthen U.S.-Argentina ties and support local communities.",No,No,No,"Funding ranging from $10,000 to $100,000 for eligible projects.",2025-30-05,2025-31-05,full proposal,US-ArgentinaGrants@state.gov
CFP-2023-XYZ,Yes,Yes,No,Innovative Research Grants,National Science Foundation,"research, innovation, technology, grants, education, collaboration, development, science, engineering, sustainability","Research and Development, Education Innovation, Sustainable Technologies, Engineering Solutions","Educational Technology, Sustainable Engineering, Innovative Solutions, Research Methodologies, Academic Collaboration",This CFP seeks innovative research proposals addressing critical challenges in education and engineering with a focus on sustainability and technological advancement.,No,No,No,Funding available for innovative research in education and technology sectors.,2023-01-09,2023-30-06,full proposal,John Smith: johnsmith@nsf.gov
CFP-2023-01,Yes,Yes,No,Advanced Research Program,National Science Agency,"AI, healthcare, generative models, big data, machine learning, bioinformatics, diagnostics, predictive analytics, automation, innovation","Artificial Intelligence, Health Technology, Data Science, Computational Biology, Automation Technologies","Machine Learning, Healthcare AI, Bioinformatics, Predictive Analytics, Data Science",This proposal seeks innovative research that leverages AI and big data to improve healthcare diagnostics and predictive analytics through advanced machine learning techniques.,Yes,No,No,Funding for innovative projects in AI and healthcare technology.,2023-01-10,2023-30-05,full proposal,"John Smith: johnsmith@nsa.gov, Jane Doe: janedoe@nsa.gov"
CFP2023-1,Yes,Yes,No,AI for Social Good,National Science Foundation,"artificial intelligence,social impact,data analysis,community engagement,technology for good,ethical AI,collaborative research,sustainability,innovative solutions,public welfare","AI ethics,community applications,educational technology,public policy,social equity","Artificial Intelligence,Social Sciences,Data Analysis,Public Policy,Ethics in Technology","The proposal seeks innovative applications of AI to address social challenges, promoting collaboration between research and community engagement for sustainable solutions.",Yes,No,No,Funding available for projects enhancing social good through AI.,2023-01-12,2023-30-06,full proposal,John Smith: johnsmith@nsf.gov
CFP-2023-001,Yes,Yes,No,Innovative Research Solutions,National Science Foundation,"research, innovation, technology, science, collaboration, development, proposal, academic, funding, solutions","advanced technology, research development, academic collaboration","innovation, technology development, social impact, scientific research, education",This proposal seeks innovative research solutions to enhance collaboration and development in technology and science within academic institutions.,No,No,No,Funding for innovative research projects in technology and science.,2023-01-05,2023-30-06,full proposal,John Smith: johnsmith@nsf.gov
CFP_2023_01,Yes,Yes,No,Innovative Research Grants,National Science Agency,"research, innovation, technology, collaboration, funding, academic, grants, development, solutions, community","STEM Education, Environmental Science, Artificial Intelligence, Health Research, Sustainable Development","Machine Learning, Data Science, Community Development, Environmental Engineering, Health Technologies",This grant aims to support innovative research projects that address community needs through collaborative academic efforts and technological solutions.,Yes,No,No,"Grants of up to $200,000 for innovative projects in specified areas.",2023-15-09,2024-15-12,full proposal,"John Smith: johnsmith@nsa.gov, Jane Doe: janedoe@nsa.gov"
2025-NIST-SBIR-02,Yes,No,No,NIST Small Business Innovation Research Program Phase II,National Institute of Standards and Technology (NIST),"Small Business, Innovation, Research and Development, Commercialization, Standards Development, Technical Assistance, Advanced Manufacturing, Cybersecurity, Measurement Science, Economic Growth","Science, Technology, Business and/or Education Outreach","Innovation Funding, Small Business Development, Advanced Manufacturing, Cybersecurity, Measurement Science","NIST SBIR Phase II invites FY2024 awardees to apply for funding to develop commercial products over 24 months, with up to $400,000 available per award.",No,No,No,"Funding up to $400,000 available for developing real-world applications of prior Phase I projects, focusing on commercialization and support for small businesses",2025-16-04,2025-14-06,full proposal,"Jacqueline Gray: jacqueline.gray@nist.gov, Dean Iwasaki: nofo@nist.gov"
W519TC-25-S-0001,Yes,Yes,No,"U.S. Army Futures Command, Artificial Intelligence Integration Center Broad Agency Announcement for Basic, Applied, and Advanced Research",U.S. Army Contracting Command,"Artificial Intelligence, Research, Development, Autonomous Systems, Machine Learning, Algorithms, Human-Machine Integration, Cybersecurity, Technology Readiness, Military Applications","Basic, Applied, and Advanced Scientific Research","Artificial Intelligence, Machine Learning, Autonomous Systems, Human-Computer Interaction, Cybersecurity","The Army seeks research proposals for AI technologies addressing basic, applied, and advanced scientific research, focusing on autonomous systems and machine learning innovations.",Yes,Yes,No,"This announcement invites proposals for research funding from academic and for-profit institutions, focusing on AI advancements.",2025-16-04,2026-15-04,full proposal,usarmy.pittsburgh-pa.futures-cmd.mbx.ai2c-baa-submissions@army.mil
CFP-2023-01,Yes,Yes,No,Innovative Research Initiative,National Science Foundation,"research, innovation, technology, collaboration, funding, development, academic, proposal, science, engineering","Emerging Technologies, Collaboration in STEM, Innovative Educational Practices, Infrastructure Development, Community Engagement","Research Methodology, Technological Development, STEM Education, Collaborative Research, Funded Projects",This proposal calls for innovative research projects in collaboration with academic institutions to promote technological advancements and community engagement.,No,No,No,Funding available for innovative research projects,2023-01-01,2023-30-06,full proposal,John Smith: john.smith@nsf.gov
W9127N -25-2-0002,Yes,No,No,Natural Resource Management (NRM) Education and Training of Eugene Area Youth Service,U.S. Army Corps of Engineers,"land stewardship, habitat restoration, youth training, environmental education, wildlife management, vegetation management, community service, native landscapes, vocational skills, ecological concepts",Environmental Stewardship Program,"Youth Development, Environmental Restoration, Natural Resource Management, Ecological Education, Community Engagement",The proposal seeks cooperation with non-Federal entities for land stewardship and training youth in ecological restoration within Oregon's Willamette Valley.,No,No,No,"Estimated total funding of $175,000 for land stewardship programs and youth training.",2025-16-04,2025-22-04,full proposal,"Melanie Barrett: Melanie.A.Barrett@usace.army.mil, Raymie Briddell: Raymie.L.Briddell@usace.army.mil"
SMY300-FY2025-PASKL,Yes,Yes,No,U.S. Embassy KL PAS 2025 Annual Program Statement,U.S. Department of State,"public diplomacy, grants, U.S.-Malaysia relations, cultural exchange, economic partnership, STEM, bilateral cooperation, regional security, trade, funding","Promotion of regional security cooperation, Economic and commercial partnerships, Innovation in STEM, Understanding of U.S. policies, Bilateral cooperation","International relations, Public diplomacy, Cultural studies, Economic development, Education and exchange programs","Funding available for initiatives promoting U.S.-Malaysia ties through cultural exchanges, economic partnerships, and understanding of U.S. policies.",No,No,No,"Awards range from $5,000 to $99,000; a total of $500,000 available.",2025-01-05,2025-31-08,full proposal,Public Affairs KL: PublicAffairsKL@state.gov
CFP-2023-001,Yes,Yes,No,Innovative Research Grants,National Science Foundation,"research, innovation, technology, funding, academic, collaboration, advancement, development, science, engineering","STEM education, renewable energy, artificial intelligence, material sciences, health sciences","Educational Technology, Renewable Energy Technologies, Artificial Intelligence, Material Science, Health Informatics",This CFP seeks proposals for innovative research projects that advance science and technology across various fields with potential societal impacts.,Yes,No,No,Funding opportunities for groundbreaking research in science and technology.,2023-01-15,2023-30-06,full proposal,John Smith: john.smith@nsf.gov
GCBD -7j-2025-01,Yes,No,No,Empower To Grow (E2G) Program,U.S. Small Business Administration,"manufacturing training,HUBZone firms,technical assistance,small businesses,workforce development,lean manufacturing,and product quality,capacity building,entrepreneurial support,innovation","Management and Technical Assistance Services,Manufacturing,Small Business Development,Technical Assistance Programs","Workforce Development,Small Business Support,Manufacturing Training,Technical Assistance,Entrepreneurship Education","The CFP seeks proposals to provide innovative manufacturing training and assistance to eligible small manufacturing businesses, especially HUBZone firms under the Empower to Grow Program.",No,No,No,"Funding available up to $1,148,658 for FY 2025, with proposals due by May 12, 2025.",2025-14-04,2025-12-05,full proposal,Kiya Perrin: e2g@sba.gov
CFP-2023-001,Yes,Yes,No,Advanced Research Initiative,Department of Defense,"AI, security, technology, research, innovation, defense, advanced analytics, machine learning, cybersecurity, data science","Artificial Intelligence, Cybersecurity, Machine Learning","Artificial Intelligence, Cybersecurity, Data Science, Defense Technology, Advanced Analytics",This proposal seeks innovative research solutions in AI and cybersecurity to enhance defense capabilities and national security.,Yes,No,No,Funding for innovative research in AI and cybersecurity.,2023-01-10,2023-30-06,full proposal,John Smith: john.smith@defense.gov
FA8651-22-S-0001/ CALL 05,Yes,Yes,No,University Day 2025,"Government Research Laboratory, Munitions Directorate","biological systems, swarming behavior, autonomous agents, guidance algorithms, sensors, optimization, machine learning, system control, multi-agent systems, unclassified research","RA 2 – BIOPRINCIPIC SYSTEMS, RA 17 – WEAPON AUTONOMY AND CONTROL TECHNOLOGY RESEARCH","Autonomous Systems, Control Theory, Machine Learning, Robotics, Sensor Technologies","The call seeks research proposals from U.S. Universities on autonomous systems and collective biological behavior, focusing on real-time sensors and algorithms for improved agent control.",No,No,No,"Anticipated funding of $75-$100K for each award, with 5-6 awards expected based on proposals submitted.",2025-01-04,2025-14-05,full proposal,Adam Noffke: afrl.afrl.rwkbaacallsworkflow@us.af.mil
FA8651-25-S-0001,Yes,No,No,Broad Agency Announcement for Air Dominance,Department of the Air Force,"Air Dominance, military, technology, defense, research, proposals, funding, Air Force, innovation, projects","air dominance, military applications, technology development, defense research, proposal submissions","Aerospace Engineering, Defense Technology, Military Strategy, Research & Development, Innovation Management",The proposal seeks research and development initiatives to enhance air dominance capabilities for the United States Air Force.,No,No,No,This announcement invites proposals in defense-related research and development.,2024-01-11,2025-01-11,full proposal,
CFP-2023-001,Yes,Yes,No,Innovative AI Solutions,National Institute of Technology,"AI, Machine Learning, Automation, Robotics, Data Analysis, Predictive Modeling, Prototyping, Testing, Software Development, Industrial Applications","AI Research, Robotics Development, Data Science, Software Engineering, Prototyping Innovation","Artificial Intelligence, Machine Learning, Robotics, Software Development, Automation","This proposal seeks innovative AI solutions for automation in industrial applications, emphasizing research, development, and testing of new technologies.",Yes,No,No,Grants available for selected proposals with a focus on practical implementations of AI.,2023-01-10,2023-30-06,full proposal,John Smith: john.smith@example.com
CFP-2023-001,Yes,Yes,No,Innovative Research Grant,National Science Foundation,"innovation, research, technology, development, funding, academic, interdisciplinary, collaboration, projects, proposals","Research and Development, Technology Development, Innovation, Academic Collaboration, Interdisciplinary Research","Innovation Studies, Research Methodology, Technology Development, Academic Collaboration, Interdisciplinary Studies","The proposal invites innovative research projects focusing on technological advancements, fostering interdisciplinary collaboration, and supporting academic institutions in furthering scientific knowledge.",No,No,No,Grants awarded for innovative research projects with an emphasis on technology development and academic collaboration.,2023-01-05,2023-01-30,full proposal,John Smith: johnsmith@nsf.gov
NOAA-NOS-OCM-2025-30196,Yes,Yes,No,FY 2025 NOAA Coral Reef Conservation Program - Ruth D. Gates: Supporting Hawaii’s Sustainable Coral Reef Fisheries Management Plans,NOAA,"Coral, Fisheries, Management, Planning, Hawaii, Sustainability, Collaboration, Research, Initiative, Community","Sustainable Coral Reef Fisheries Management Plans, Marine Resource Management, Ecosystem Conservation, Technical Support, Marine Science","Marine Biology, Environmental Science, Fisheries Management, Coral Reef Conservation, Community-Based Resource Management","Funding opportunity to support the development of Sustainable Coral Reef Fisheries Management Plans across the Hawaiian Islands, emphasizing collaboration and scientific tools for decision-making.",No,No,No,"Total anticipated funding is approximately $600,000 for up to two awards in FY 2025, requiring 1:1 non-Federal match unless waived.",2026-01-02,2025-13-06,full proposal,Craig Reid: craig.a.reid@noaa.gov
G25AS00258,Yes,Yes,No,Earth Mapping Resources Initiative Mine Waste,U.S. Geological Survey,"mine waste, geological survey, Earth MRI, data acquisition, environmental management, resource estimation, sampling, characterization, budgets, travel funding",,"Mine Waste Management, Geological Surveys, Environmental Science, Resource Management, Sampling Protocols","This proposal invites state geological surveys to conduct mine waste characterization and inventory programs, supported by funding for workshops and cooperative agreements.",No,No,No,Approximately $5 million available for cooperative agreements in FY 2025.,2025-01-10,2025-09-30,full proposal,Margaret Eastman: mrussell@usgs.gov
G25AS00258,Yes,Yes,No,Earth Mapping Resources Initiative Mine Waste,U.S. Geological Survey,"mine waste, geological survey, Earth MRI, data acquisition, environmental management, resource estimation, sampling, characterization, budgets, travel funding",,"Mine Waste Management, Geological Surveys, Environmental Science, Resource Management, Sampling Protocols","This proposal invites state geological surveys to conduct mine waste characterization and inventory programs, supported by funding for workshops and cooperative agreements.",No,No,No,Approximately $5 million available for cooperative agreements in FY 2025.,2025-01-10,2025-09-30,full proposal,Margaret Eastman: mrussell@usgs.gov
G25AS00258,Yes,Yes,No,Earth Mapping Resources Initiative Mine Waste,U.S. Geological Survey,"mine waste, geological survey, Earth MRI, data acquisition, environmental management, resource estimation, sampling, characterization, budgets, travel funding",,"Mine Waste Management, Geological Surveys, Environmental Science, Resource Management, Sampling Protocols","This proposal invites state geological surveys to conduct mine waste characterization and inventory programs, supported by funding for workshops and cooperative agreements.",No,No,No,Approximately $5 million available for cooperative agreements in FY 2025.,2025-01-10,2025-09-30,full proposal,Margaret Eastman: mrussell@usgs.gov
12345,Yes,Yes,No,Innovative Research Program,National Science Foundation,"research, technology, innovation, collaboration, education, science, development, community, engineering, environment","Sustainable Engineering, Technology Development, Environmental Science, Educational Research, Community Development","Environmental Science, Engineering, Educational Technology, Collaborative Research, Sustainable Development","This program seeks proposals that foster innovation through collaboration in research and development, particularly in sustainable engineering and education.",No,No,No,Grants for innovative research projects.,2025-01-01,2025-30-06,full proposal,John Smith: johnsmith@nsf.gov
2023-05,Yes,Yes,No,Innovative Research Program,National Science Foundation,"research, innovation, technology, collaboration, science, education, sustainability, funding, grants, interdisciplinary","advanced manufacturing, renewable energy, computational modeling, data science, artificial intelligence","engineering, environmental science, computer science, education, social sciences","This program invites proposals for innovative research that promotes collaboration between academia and industry, focusing on sustainability and advanced technology solutions.",Yes,No,No,"Grants ranging from $50,000 to $500,000 for three years.",2023-15-06,2023-15-12,full proposal,John Smith: johnsmith@nsf.gov
CFP-2023-01,Yes,Yes,No,Innovative Solutions Grant,National Science Foundation,"innovation, research, technology, grants, development, collaboration, academia, funding, solutions, proposals","STEM education, technology development, social science research, environmental science, health sciences","Innovation, Technology Development, STEM Education, Environmental Science, Social Sciences","This call invites innovative research proposals that advance technology and solutions in various fields, emphasizing collaboration between academic institutions and industry.",No,No,No,Funding support for innovative research projects with potential societal impact.,2023-01-10,2023-15-02,full proposal,"John Smith: john.smith@nsf.gov, Jane Doe: jane.doe@nsf.gov"
PD-0001-FY2025,Yes,No,No,Security for Journalists Covering Organized Crime in Costa Rica,U.S. Department of State,"journalism, crime reporting, safety training, Costa Rica, organized crime, grant funding, investigative journalism, public safety, nonprofit organizations, media relations",Public Diplomacy Programs,"Journalism, Crime Prevention, Public Safety, Training Programs, Media Studies","The project aims to enhance safety and effectiveness in crime reporting for Costa Rican journalists covering organized crime and drug trafficking, focusing on training and resource provision.",No,No,No,"Minimum award $40,000, maximum award $100,000, with total funding available $100,000.",2025-25-10,2025-23-05,full proposal,otarolagm@state.gov
CFP-001,Yes,Yes,No,Innovative Research Grants,National Science Foundation,"research, innovation, technology, grants, funding, academia, collaboration, scientists, projects, development","Advanced Research, Discovery Science, Engineering, Technology Transfer, Education","Artificial Intelligence, Machine Learning, Robotics, Data Science, Environmental Science",This proposal aims to fund innovative research projects that advance technology and foster collaboration among scientists in academia.,Yes,Yes,No,Funding available for innovative research projects in various fields.,2023-01-05,2023-15-06,full proposal,John Smith: johnsmith@nsf.gov
NGO SMALL GRANTS PROGRAM,Yes,No,No,NGO SMALL GRANTS PROGRAM,"U.S. Embassy (Ljubljana, Slovenia)","grant application, project funding, non-profit organization, U.S. Government, project sustainability, evaluation plan, budget guidelines, community impact, capacity building, human rights","NGO Funding, Public Affairs, Community Development, International Relations, Grant Management","Non-Profit Management, International Development, Community Engagement, Grant Writing, Project Evaluation","The NGO Small Grants Program invites proposals from organizations for funding community impact projects, emphasizing sustainable development and project evaluation."
D25AS00271,Yes,No,No,HOIHI Grant Program for Native Hawaiian Organizations,U.S. Department of the Interior,"Native Hawaiian, tourism, economic development, cultural preservation, grant funding, entrepreneurship, visitor experience, sustainable tourism, heritage, traditional knowledge","NATIVE Act Grants, Native American Tourism and Improving Visitor Experience Act","Cultural Tourism, Native Hawaiian Studies, Economic Development, Conservation, Visitor Management",The HOIHI Grant Program supports Native Hawaiian organizations in enhancing economic development and preserving cultural heritage through sustainable tourism and visitor engagement initiatives.,No,No,No,"Estimated funding of $1,000,000 with awards ranging from $50,000 to $200,000.",2025-01-10,2025-09-06,full proposal,Kealapualoke Fukuda: kealapualoke_fukuda@ios.doi.gov
W911KB-25-2-0006,Yes,No,No,Schofield Barracks Vegetation Management and Berm Maintenance,U.S. Army Corps of Engineers,"vegetation management, berm maintenance, natural resource management, revegetation, environmental safety, training lands, cooperative agreement, Army Corps of Engineers, Hawaii, live fire ranges",,"land management, environmental science, military training support, ecology, sustainable agriculture","This proposal focuses on vegetation management and berm maintenance at Schofield Barracks, ensuring environmental safety and support for military training areas in Hawaii.",No,No,No,"Estimated funding of $8,492,153.96, with an estimated award date around 30 June 2025.",2025-03-04,2025-05-06,full proposal,"Michelle Mandel: michelle.r.mandel@usace.army.mil, Pamela Iverson: pamela.iverson@usace.army.mil"
W911KB-25-2-0005,Yes,No,No,Pohakuloa Training Area Land Rehabilitation and Maintenance Support,U.S. Army Corps of Engineers,"Land Rehabilitation, Maintenance Support, Pohakuloa Training Area, Erosion Control, Vegetation Protection, Training Area Management, Habitat Management, Soil Repair, Environmental Sustainability, Military Training","Integrated Training Area Management, Sustainable Range Program, Land Management, Environmental Compliance, Natural Resources Management","Environmental Sustainability, Land Management, Resource Rehabilitation, Erosion Control, Habitat Conservation","The project aims to provide land rehabilitation and maintenance support for the Pohakuloa Training Area, enhancing sustainable training lands for U.S. Army operations in Hawaii.",No,No,No,"Total funding estimated at $7,584,162.87, with one award expected. Initial performance period: 12 months, with additional 12-month options.",2025-03-04,2025-06-04,full proposal,Pamela Iverson: pamela.iverson@usace.army.mil
HR001125S0012,Yes,Yes,No,Reengineering Enabling Sleep Transitions in Operationally Restrictive Environments (RESTORE),Defense Advanced Research Projects Agency (DARPA),"neuromodulation,sleep efficiency,cognitive performance,noninvasive methods,sleep restriction,military operations,brain activity,cognitive restoration,REM sleep,NREM sleep",Research and Technology Development,"Neuromodulation, Sleep Science, Cognitive Neuroscience, Performance Psychology, Human Factors","DARPA seeks proposals for neuromodulation technologies to enhance sleep quality and cognitive function in sleep-restricted operational environments, particularly for military personnel.",No,No,No,"Multiple awards anticipated, involving various funding mechanisms.",2025-03-04,2025-18-06,full proposal,RESTORE@darpa.mil
W912EF-25-2-R PA-0001,Yes,Yes,No,Youth Conservation Services,US Army Corps of Engineers,"outdoor education, training, flood control, resource management, public engagement, job training, environmental stewardship, young adults, conservation, infrastructure maintenance","outdoor education, training, environmental management, flood control infrastructure, youth services","Environmental Science, Education, Natural Resource Management, Public Engagement, Flood Control","USACE seeks organizations for outdoor education, training, environmental management, and job opportunities for youth, promoting stewardship of public lands and developing future professionals.",No,No,No,"Total funding of $32,000 for outdoor training and education initiatives.",2025-12-05,2025-31-10,full proposal,Victoria Conway: victoria.l.conway@usace.army.mil; Brooke Moore: brooke.n.moore@usace.army.mil
NOAA-OAR-SG-2025-29639,Yes,Yes,No,FY2025 Northeast American Lobster Regional Program,OAR National Sea Grant College Program (SG),"American lobster, Sea Grant, coastal communities, research, collaboration, sustainability, outreach, education, extension, Gulf of Maine","Northeast region, American lobster fishery, Sea Grant programs, coastal research, sustainable economy","Marine biology, Fisheries science, Environmental science, Ecology, Coastal resource management","This program aims to synthesize research, enhance extension, and support collaborative efforts for sustainable management of the Northeast American lobster fishery.",No,No,No,"Approximately $1.4 million in federal funds expected, with proposals needing a 50% non-federal match and lasting from 09/01/2025 to 08/31/2029.",2025-01-09,2025-04-06,full proposal,NOAA Sea Grant: sg.grants@noaa.gov
PDS-HON-AEIF-FY25-02,Yes,No,No,Alumni Engagement Innovation Fund (AEIF) 2025,U.S Department of State,"public diplomacy, alumni engagement, innovation fund, U.S. government, exchange programs, funding, global challenges, economic growth, education, entrepreneurship","Exchange Programs, Public Diplomacy, Economic Development","Public Diplomacy, Economic Development, Innovation, Education, Migration",The U.S. Embassy in Honduras invites alumni of exchange programs to propose innovative solutions to community challenges via the AEIF 2025 funding opportunity.,No,No,No,"Awards ranging from $5,000 to $35,000, funding innovative alumni-led projects addressing community challenges.",2025-01-05,2025-01-05,full proposal,Sammy Cruz: hondurasalumni@state.gov
N62473-25-2-0002,Yes,No,No,Cooperative Agreement for Mojave Desert Encroachment Solutions,Naval Facilities Engineering Systems Command Southwest,"Navy, Marine Corps, Mojave Desert, landscape resilience, watershed actions, fire risk reduction, drought response, endangered species, habitat preservation, ecological monitoring","Environmental Conservation, Infrastructure Resilience, Ecosystem Management, Fire Risk Mitigation, Species Recovery","Ecology, Environmental Science, Natural Resource Management, Conservation Biology, Climate Change Adaptation",The Navy seeks funding proposals to enhance landscape resilience and conserve the desert tortoise within the Mojave Desert amid challenges like drought and fire.,No,No,No,"Total funding of $9,000,000 for resilience activities and desert tortoise conservation over a 60-month period.",2025-02-04,2025-02-05,full proposal,"Duc Le: duc.t.le4.civ@us.navy.mil, Kevin Magennis: kevin.e.magennis.civ@us.navy.mil"
USDA–FAS –TASC –2026,Yes,No,No,Technical Assistance for Specialty Crops Program,"United States Department of Agriculture, Foreign Agricultural Service ( USDA/FAS )","funding, specialty crops, export barriers, USDA, projects, assistance, agriculture, international trade, technical assistance, phytosanitary",Technical Assistance for Specialty Crops,"Agricultural Economics, International Trade, Food Safety, Agricultural Policy, Market Access",This funding opportunity supports projects aimed at mitigating export barriers for U.S. specialty crops through technical assistance and research activities.,No,No,No,"Anticipated total federal funding of $9 million available for new awards, with funding limits per award up to $500,000.",2025-30-05,2026-30-06,full proposal,Curt Alt: curt.alt@usda.gov
USDA–FAS –MAP –2026,Yes,No,No,2026 Market Access Program,"United States Department of Agriculture, Foreign Agricultural Service ( USDA/FAS )","Market Access Program, agricultural exports, nonprofit organizations, trade groups, marketing plan, funding opportunity, federal assistance, agricultural cooperatives, export markets, cost share",Market Access Program,"Agricultural Economics, International Trade, Export Promotion, Nonprofit Management, Marketing Strategies","Funding opportunity for nonprofits to enhance U.S. agricultural exports through market access initiatives, targeting the development of diverse commercial export markets.",No,No,No,Anticipated federal funding of at least $200 million with 60-70 awards available.,2025-30-05,2025-06-06,full proposal,Curt Alt: curt.alt@usda.gov
20250501-SO,Yes,Yes,No,State and Jurisdictional Humanities Councils General Operating Support Grants,National Endowment for the Humanities,"NEH, Humanities, Grants, Nonprofit, Federal Assistance, Community Engagement, Operating Support, Subawards, Cost Sharing, Jurisdictional Councils","General operating support grants, Humanities programming, Public awareness initiatives, Community connection projects, Tailored grantmaking","Cultural Studies, Community Development, Public Policy, Grants Management, Humanities Education",NEH provides operating support grants to state and jurisdictional humanities councils to enhance local programs while fostering community connections and preserving humanities funding.,No,No,No,"Approximately 56 grants ranging from $200,000 to $3,000,000 with a total funding of about $50,000,000 available for FY 2025.",2025-01-05,2025-01-05,full proposal,"Office of Federal/State Partnership: 202-606-8254, fedstate@neh.gov"
FY2025 NOFO,Yes,No,No,Small Shipyard Grant Program,"Maritime Administration, U.S. Department of Transportation","small shipyards, grants, maritime training, capital improvements, shipbuilding, ship repair, operational productivity, efficiency, technical skills, federal funding",Assistance to Small Shipyards,"Maritime Policy, Workforce Development, Industrial Engineering, Economic Development, Technology and Operations Management",The Small Shipyard Grant Program provides grants to small shipyards for capital improvements and training programs to enhance operational efficiency and productivity in shipbuilding and repair.,No,No,No,Up to $8.75 million available for FY2025 for capital improvements and maritime training programs for small shipyards.,2025-28-03,2025-15-05,full proposal,David M. Heller: david.heller@dot.gov
USDA–FAS –EMP –2026,Yes,No,No,2026 Emerging Markets Program,"United States Department of Agriculture, Foreign Agricultural Service ( USDA/FAS )","Agriculture, Exports, Emerging Markets, Cooperation, Development, Market Expansion, Trade Barriers, Technical Training, Agricultural Institutions, Market Assessment","Agricultural Trade, Market Development, Export Promotion, Rural Economy, Global Food Security","Agricultural Economics, International Trade, Food Systems, Agricultural Development, Rural Development",Funding opportunity for U.S. entities to develop and expand markets for agricultural exports while fostering cooperation between institutions in the U.S. and emerging markets.,No,No,No,"Total funding available is up to $8 million, with a maximum of $500,000 per award and 40 anticipated awards.",2025-30-05,2026-30-06,full proposal,Curt Alt: curt.alt@usda.gov
USDA–FAS –FMD –2026,Yes,No,No,Foreign Market Development Cooperator Program,"U.S. Department of Agriculture, Foreign Agricultural Service","agriculture, export, funding, cooperator program, nonprofit, market development, trade, USDA, agricultural commodities, foreign markets","Foreign Market Development Cooperator Program, USDA Funding Opportunities, Agricultural Trade Programs, Export Market Development, Nonprofit Support","International Trade, Agricultural Economics, Marketing Strategy, Export Development, Nonprofit Management",The USDA announces funding for the Foreign Market Development Cooperator Program to support U.S. nonprofit agricultural organizations in expanding export markets for commodities.,No,No,No,"Anticipated funding is at least $34,500,000 for up to 20 awards under the Cooperator Program.",2025-30-05,2025-06-06,full proposal,Curt Alt: curt.alt@usda.gov
F26AS00004,Yes,Yes,No,U.S. Standard Grants Program,U.S. Fish and Wildlife Service,"wetlands, conservation, habitat, waterfowl, migratory birds, restoration, public-private partnerships, North American Wetlands Conservation Act, ecosystems, funding","North American Wetlands Conservation Act, habitat protection, moisture habitat restoration, waterfowl conservation, biodiversity enhancement","Environmental Science, Wildlife Conservation, Natural Resource Management, Ecology, Environmental Policy",The U.S. Standard Grants Program offers matching grants to support public-private partnerships in protecting and enhancing wetland ecosystems and associated habitats for migratory bird populations.,No,No,No,"Estimated total program funding of $45,000,000 with expected 30 awards ranging from $250,001 to $3,000,000.",2025-10-07,2025-10-07,full proposal,dbhc@fws.gov
CFP-001,Yes,Yes,No,Innovative Solutions for Climate Change,Environmental Protection Agency,"climate change, sustainability, environmental science, emissions reduction, renewable energy, adaptation strategies, policy frameworks, carbon footprint, ecological impact, community engagement","Climate Change, Sustainable Development, Environmental Protection","Environmental Science, Renewable Energy, Public Policy, Climate Adaptation, Community Engagement","This proposal seeks innovative solutions to address climate change through sustainability efforts, emissions reduction, and community engagement strategies.",No,No,No,Funding for innovative climate solutions,2023-01-15,2023-30-06,full proposal,John Smith: johnsmith@epa.gov
DOT-OST-2025-0050,Yes,No,No,Safe Streets and Roads for All (SS4A),"Office of the Secretary of Transportation, U.S. Department of Transportation","road safety, fatalities, infrastructure, Action Plan, community, transportation, funding, planning, demonstration activities, implementation","Planning, Infrastructure Improvement, Community Safety, Roadway Safety","Transportation Safety, Urban Planning, Infrastructure Development, Community Health, Risk Management",The SS4A program provides competitive grants to enhance road safety and reduce fatalities via Action Plans and various community initiatives.,No,No,No,"Funding up to $982,260,494 available for planning and implementation grants, with various eligible activities to enhance road safety.",2025-28-03,2025-26-06,full proposal,SS4A@dot.gov
F25AS00265,Yes,No,No,Tribal Wildlife Grant Program (TWG),U.S. Fish and Wildlife Service,"Tribal wildlife, conservation, financial assistance, fish and wildlife, habitats, Native American, habitat protection, species conservation, cultural importance, research","Fish and Wildlife Conservation, Tribal Conservation, Ecosystem Management, Habitat Restoration, Species Research","Wildlife Conservation, Ecosystem Services, Environmental Management, Biodiversity, Indigenous Knowledge",The Tribal Wildlife Grants Program supports federally recognized Tribes in developing programs that enhance fish and wildlife conservation and their habitats with technical and financial assistance.,No,No,No,"Funding available: $6,100,000; Award ceiling: $200,000; Expected number of awards: 35.",2025-20-06,2025-20-06,full proposal,"Nathan Dexter: Nathan_Dexter@fws.gov, Lia McLaughlin: Lia_McLaughlin@fws.gov, Brent Lawrence: Brent_Lawrence@fws.gov, Nicole Jimenez: Nicole_Jimenez@fws.gov, Allison Smart: Allison_Smart@fws.gov, Jennifer Mcnicoll: Jennifer_Mcnicoll@fws.gov, Tim Binzen: Timothy_Binzen@fws.gov, Matthew Roberts: Matthew_Roberts@fws.gov, Richard Zane: Richard_Zane@fws.gov, Cassie Powell: Cassie_Powell@fws.gov, Ben Weitzman: Benjamin_Weitzman@fws.gov, Eldon Brown: Michael_Eldon_Brown@fws.gov"
NOAA-NOS-OCS-2025-30451,Yes,Yes,No,Joint Hydrographic Center 2025,NOAA,"hydrographic center, ocean mapping, coastal mapping, geospatial data, technology improvement, research collaboration, economic interests, marine navigation, data acquisition, environmental interests","Ocean and Coastal Mapping Integration Act, Hydrographic Services Improvement Act","Hydrography, Marine Geospatial Science, Coastal Mapping, Oceanography, Data Analysis","NOAA seeks proposals for a cooperative agreement with a university for the operation of a Joint Hydrographic Center, enhancing ocean mapping to support national interests.",No,No,No,"Approximately $47,500,000 total anticipated funding over 5 years, with $9,500,000 available in FY 2025.",2025-01-10,2030-31-12,full proposal,Andrew Armstrong: Andy.armstrong@noaa.gov
2023-RD-CFP-101,Yes,Yes,No,Advanced Research Initiative,National Science Agency,"AI, innovation, research, technology, collaboration, development, solutions, advanced science, intellectual property, societal impact","Artificial Intelligence, Research and Development, Innovation Strategies, Technology Transfer, Social Sciences","Artificial Intelligence, Innovation Management, Economic Development, Technology Policy, Societal Impact Assessments","This proposal seeks to promote innovative AI research and solutions with societal impacts, fostering collaborations between academia and industry.",Yes,Yes,No,Funding for innovative projects aimed at societal benefits using AI.,2023-01-10,2023-30-04,full proposal,John Smith: johnsmith@nsa.gov
ONR N0001425SF00 2,Yes,Yes,No,Fiscal Year (FY) 2026 Department of Defense Multidisciplinary Research Program of the University Research Initiative (MURI),Department of Defense,"multidisciplinary research, university funding, basic research, scientific breakthroughs, military technologies, environmental science, AI ethics, polymer degradation, thermal energy management, quantum materials",See Section I. Other Information for topic descriptions and more information.,"Artificial Intelligence, Materials Science, Environmental Science, Quantum Physics, Cognitive psychology",The DoD's MURI program funds unprecedented multidisciplinary research initiatives to catalyze scientific advancements and address national defense challenges through academic collaboration.,Yes,Yes,No,"Grant funding of approximately $170 million for five years, with $1.5M typical annual funding per grant.",2025-25-03,2025-05-09,full proposal,"Dr. Amanda Netburn: Amanda.N.Netburn.civ@us.navy.mil, Dr. Sue Kase: usarmy.rtp.devcom-arl.mbx.aro-muri@army.mil, Ms. Katie Wisecarver: afosr.rtb.muri@us.af.mil"
N/A,No,No,No,N/A,N/A,,,,,No,No,No,N/A,N/A,N/A,white paper,N/A
NOAA-OAR-SG-2025-30385,Yes,Yes,No,FY2025 Sea Grant Contaminants of Emerging Concern,OAR National Sea Grant College Program (SG),"Contaminants of Emerging Concern, Coastal Communities, Biogeochemical Transformations, Ecological Importance, Federal Funding, Environmental Monitoring, Non-federal Match, Research Collaboration, PFAS, Watershed","Contaminants of Emerging Concern, Human Health, Environmental Science, Marine Biology, Coastal Policy","Environmental Issues, Public Health, Marine Research, Ecosystem Management, Pollution Control","The program funds research projects addressing contaminants of emerging concern in U.S. coastal and estuarine waters, integrating ecological health and human health impacts.",No,No,No,"Between $400,000 and $1,400,000 available for one award supporting research over three years.",2025-01-09,2025-23-05,full proposal,"NOAA Sea Grant: sg.grants@noaa.gov, 301-734-1066"
USGS Earthquake Hazards Program,Yes,Yes,No,USGS Earthquake Hazards Program Notice of Funding Opportunity,USGS,"earthquakes, seismic risk, earth science, public safety, hazard mitigation, research grants, data analysis, community resilience, earthquake policy, technology development","Earthquake Hazards, Earthquake Safety, Disaster Risk Reduction, Seismic Research, Community Engagement","Seismology, Earthquake Engineering, Civil Engineering, Disaster Management, Geosciences","The USGS seeks proposals for research on earthquake hazards, occurrence, and safety policy to improve public safety and resilience, with anticipated funding of $4 million for FY2026.",No,No,No,Total funding of $4 million expected for competitive research grants in FY2026.,2025-01-05,2025-01-30,full proposal,"Thomas Pratt: tpratt@usgs.gov, Christopher DuRoss: cduross@usgs.gov, Sarah Minson: sminson@usgs.gov, Joan Gomberg: gomberg@usgs.gov, Rob Witter: rwitter@usgs.gov, Katherine Scharer: kscharer@usgs.gov, Jeffrey McGuire: jmcguire@usgs.gov, Alex Hatem: ahatem@usgs.gov, Justin Rubinstein: jrubinstein@usgs.gov, Eric Thompson: emthompson@usgs.gov, Grace Parker: gparker@usgs.gov"
F25AS00274,Yes,Yes,No,F25AS00274 Water Supply Analyses Project  for Coleman National Fish Hatchery Intake 2,United States Department of the Interior - Fish and Wildlife Service,"fluvial geomorphology, hydrology, sediment transport, water supply, salmon recovery, ecological assessment, fish passage, infrastructure improvement, Battle Creek, Coleman National Fish Hatchery","stream health, aquatic ecosystems, fisheries management, hydrologic modeling, environmental restoration","fluvial geomorphology, aquatic ecology, hydrology, fisheries science, environmental engineering",This project aims to analyze fluvial and hydrologic conditions of Battle Creek to support the design of a fish-safe water diversion for the Coleman National Fish Hatchery.,No,No,No,"Estimated Award: $600,000",2025-15-06,2025-01-11,full proposal,"RJ Bottaro: rj_bottaro@fws.gov, Jacqueline Gonzalez: jacqueline_gonzalez@fws.gov"
ONR N0001425SF00 2,Yes,Yes,No,Fiscal Year (FY) 2026 Department of Defense Multidisciplinary Research Program of the University Research Initiative (MURI),Department of Defense,"MURI, basic research, multidisciplinary research, military technology, scientific breakthroughs, Department of Defense, university research, collaboration, funding opportunity, research proposal",Various scientific areas,"basic research, multidisciplinary research, advanced technologies, military applications, environmental sciences","The MURI program funds innovative basic research across disciplines to advance military technology, enhance scientific capabilities, and solve complex challenges.",No,No,No,grants with an average funding of $1.5M per year for 5 years,2025-18-04,2025-05-02,full proposal,"Dr. Amanda Netburn: Amanda.N.Netburn.civ@us.navy.mil, Dr. Sue Kase: usarmy.rtp.devcom-arl.mbx.aro-muri@army.mil, Ms. Katie Wisecarver: afosr.rtb.muri@us.af.mil"
F26AS00005,Yes,No,No,National Coastal Wetlands Conservation Grant Program,U.S. Fish and Wildlife Service,"coastal wetlands, conservation, habitat restoration, federal funding, biodiversity, public recreation, project grants, coastal ecosystems, environmental protection, cost-sharing","Coastal Wetlands Restoration, Wildlife Habitat Improvement, Environmental Conservation, Coastal Ecosystem Management, Federal Grant Programs.","Wetland Ecology, Environmental Science, Conservation Biology, Marine Biology, Coastal Management","The program funds projects for conserving coastal wetland ecosystems, promoting habitat restoration, mitigating flooding, and enhancing recreation for coastal communities and biodiversity.",No,No,No,"Expected number of awards: 24; Funding ceiling: $1,000,000; Funding floor: $50,000; Total funding: $20,000,000.",2026-01-01,2028-12-01,full proposal,"Chris Darnell: chris_darnell@fws.gov, Paul Van Ryzin: paul_vanryzin@fws.gov"
W911KB-25-2-0001,Yes,No,No,U.S. Army Alaska Land Rehabilitation and Maintenance (LRAM),U.S. Army Corps of Engineers,"Land Rehabilitation, Environmental Compliance, Biological Diversity, Military Training, Ecosystem Health, Natural Resources Management, Soil Stabilization, Vegetation Control, Erosion Control, Wildfire Prevention","SOW 25-105, Integrated Natural Resources Management Plan, Cooperative Agreement, Training Area Management, Environmental Protection","Ecosystem Restoration, Environmental Management, Natural Resource Conservation, Soil Science, Wildlife Habitat Enhancement",This proposal aims to implement the Integrated Natural Resources Management Plan for sustainable military training environments while enhancing ecological health on DoD lands in Alaska.,No,No,No,"Total funding of $1,018,368.00; one award planned.",2025-20-03,2025-20-05,full proposal,Pamela Iverson: pamela.iverson@usace.army.mil
D25AS00215,Yes,Yes,No,Partners for Fisheries Monitoring (2026-2029),U. S. Department of the Interior (DOI),"Alaska Native, subsistence management, fisheries monitoring, community engagement, biologist funding, rural education, capacity building, cooperative agreements, internships, public lands","Fisheries, Community Engagement, Education and Outreach, Capacity Building, Subsistence Management","Fisheries Management, Indigenous Studies, Environmental Science, Community Development, Education",The proposal aims to enhance Alaska Native and rural participation in federal subsistence fishery management by funding positions in related organizations through monitoring and education efforts.,No,No,No,"Total funding: $2,004,000 for 3 awards. Max award: $668,000. Min award: $25,000. Project duration: 2026-2029.",2026-01-01,2029-12-31,full proposal,"Jared Stone: jarred_stone@ios.doi.gov, Liz Williams: liz_williams@ios.doi.gov, Michelle St. Peters: michelle_stpeters@ios.doi.gov"
W9126G 252SOI 4017,Yes,Yes,No,"Coastal Riverine Fish Dynamics and Marsh-Mangrove Habitat Use in Shark River Slough, Florida",Fort Worth District,"Coastal Fish, Marsh Ecosystem, Hydrology, Everglades Restoration, Fish Dynamics, Wetlands, Ecosystem Monitoring, Freshwater Habitat, Biodiversity, CERP","Ecosystem Restoration, Environmental Science, Marine Biology, Hydrology, Fisheries Management","Ecological Monitoring, Marine Biology, Freshwater Ecosystems, Habitat Restoration, Fish Population Dynamics",This project seeks to study fish dynamics and habitat use in Florida's Shark River Slough as impacted by restoration efforts over 12 months with potential follow-on work.,No,No,No,"Approximately $155,000 expected for base period; additional funding may be available for follow-on work.",2025-20-03,2025-21-04,white paper,"Yvonne Howard: yvonne.howard@usace.army.mil, Chanley Jenkins: chanley.r.jenkins@usace.army.mil"
VA-NCA-VLGP-FY2025,Yes,Yes,No,Veterans Legacy Grants Program,Department of Veterans Affairs,"Veterans, cemeteries, education, community, stories, grants, memorialization, history, outreach, engagement","Educational outreach, Community engagement, Veterans legacy, Historical research, Digital technologies","Education, Veterans studies, Community history, Digital humanities, Public history","The Veterans Legacy Grants Program funds educational tools to teach about Veterans buried in cemeteries, emphasizing local community histories and engagement.",No,No,No,"Grants up to $400,000 for educational tools about Veterans' histories.",2025-21-03,2025-21-04,full proposal,Mr. John Williams: VLGP@va.gov
D25AS00214,Yes,Yes,No,Fisheries Resource Monitoring Program (2026-2029),The U.S. Department of the Interior (DOI),"subsistence, fisheries, monitoring, Alaska Native, interagency collaboration, data collection, traditional ecological knowledge, conservation, wildlife, partnership","Fisheries Resource Monitoring Program, Department of the Interior, Office of Subsistence Management, subsistence use monitoring, fish and wildlife research","Fisheries Management, Ecological Monitoring, Indigenous Knowledge, Rural Sociology, Environmental Conservation",This proposal aims to enhance subsistence fisheries management in Alaska through data collection and collaboration with local communities and organizations.,No,No,No,"Total funding of $9,000,000 anticipated with approximately 25 awards. Maximum award per project is $940,000, up to $235,000 per year for a four-year period.",2026-01-04,2030-30-03,full proposal,"Scott Ayers: scott_ayers@ios.doi.gov, Michelle St. Peters: michelle_stpeters@ios.doi.gov"
W911KB -25-2-0002,Yes,Yes,No,"Management, Wetlands/Floodplain, Littoral Zone Evaluation and Study",U.S. Army Corps of Engineers,"littoral zone, habitat evaluation, fish habitat, wildlife management, wetland permit, ecological health, habitat restoration, airfield safety, Eielson AFB, cooperative agreement","Wetlands/Floodplain Management, Environmental Conservation, Natural Resources Management, Wildlife Habitat Improvement, Ecological Studies","Ecology, Environmental Science, Wildlife Management, Conservation Biology, Aquatic Biology","Evaluate past habitat projects at Eielson AFB to enhance conditions for native fish and wildlife, ensuring compliance with environmental regulations and management plans.",No,No,No,"Total Project Cost Ceiling of $55,000 for a period of performance up to 18 months.",2025-20-03,2025-20-05,full proposal,Pamela Iverson: pamela.iverson@usace.army.mil
W911KB -25-2-0003,Yes,No,No,"Management, Species, Nuisance Wildlife Management",U.S. Army Corps of Engineers,"wildlife management, black bear, brown bear, nuisance species, JBER, conflict mitigation, natural resource management, ecosystem, human-wildlife interactions, habitat utilization","Nuisance Wildlife Management, Black and Brown Bear Study, Wildlife Conservation, Natural Resources Management, Ecosystem Health","Wildlife Biology, Conservation Strategies, Human-Wildlife Conflict, Ecological Management, Population Dynamics","This project aims to support nuisance wildlife management on Joint Base Elmendorf-Richardson, focusing on mitigating conflicts involving black and brown bears and enhancing ecosystem health.",No,No,No,"The project has an estimated total funding of $190,000 with a period of performance of 18 months.",2025-20-03,2025-20-05,full proposal,Pamela Iverson: pamela.iverson@usace.army.mil
CDC-RFA-CE-25-0114,Yes,Yes,No,Drug-Free Communities Support Program: NEW (Year 1),Centers for Disease Control and Prevention (CDC),"substance use, youth, community coalitions, funding, prevention, grants, collaboration, health, risk factors, protective factors",Drug-Free Communities Support Program,"Substance Abuse Prevention, Community Health, Public Health Policy, Youth Programs, Social Work",The DFC Support Program aims to strengthen community coalitions to reduce youth substance use through collaborative strategies and preventive measures.,No,No,No,"Expected total funding: $31,250,000; Up to $125,000 per budget period; Expected awards: 50 for a five-year period.",2025-05-01,2025-05-05,full proposal,Christi Jones: DFC_NOFO@cdc.gov
CDC-RFA-CE20-20040601CONT25,Yes,Yes,No,Drug-Free Communities Support Program – Competing Continuation (Year 6),Centers for Disease Control and Prevention (CDC),"substance use, youth, prevention, community coalitions, funding, collaboration, grant, alcohol, tobacco, opioid",Drug-Free Communities Support Program,"substance use prevention, community health, public health, youth engagement, behavioral health",This program supports community coalitions to reduce substance use among youth through collaboration and evidence-based prevention strategies over five years.,No,No,No,"Funding is available to qualifying community coalitions with an estimated total program funding of $31,250,000 across five years for 50 awards.",2025-05-05,2025-05-05,full proposal,Christi Jones: DFC_NOFO@cdc.gov
USDA -APHIS -10025 -VSSP0000 -25-0015,Yes,Yes,No,HPAI Poultry Innovation Grand Challenge Fiscal Year 2025,United States Department of Agriculture (USDA),"HPAI, poultry, vaccines, therapeutics, avian influenza, research, funding, agricultural policy, egg prices, public health","Farming, Animal Health, Biosecurity, Agricultural Research, Food Safety","Animal Health, Veterinary Science, Immunology, Infectious Diseases, Agricultural Innovation","Funding opportunity to support projects addressing highly pathogenic avian influenza (HPAI), aimed at protecting the U.S. poultry industry and lowering egg prices.",No,No,No,"Up to $100 million available, with a maximum award of $2 million, focusing on HPAI combat strategies.",2025-20-03,2025-19-05,full proposal,SM.AP.HPAI.Challenge@usda.gov
CFP1234,Yes,Yes,No,Innovative Research Grants,National Science Foundation,"research, innovation, technology, education, collaboration, grants, science, engineering, development, outreach","STEM, workforce development, technology transfer","Applied Research, Educational Technology, Science Education, Public Engagement, Social Sciences",This CFP invites proposals for innovative projects in research and education that enhance STEM engagement and collaboration across diverse communities.,No,No,No,Funding opportunities for innovative research projects in STEM fields,2023-01-01,2023-30-06,full proposal,John Smith: johnsmith@nsf.gov
CFP-2023-XYZ,Yes,Yes,No,Innovative Research Grants,National Science Foundation,"machine learning, artificial intelligence, data analysis, computational science, algorithm development, interdisciplinary research, large datasets, predictive modeling, research collaboration, grant opportunities","Artificial Intelligence, Machine Learning, Computer Science, Data Science, Interdisciplinary Research","Artificial Intelligence, Machine Learning, Data Science, Computational Research, Interdisciplinary Studies",This proposal invites innovative research projects focusing on machine learning and AI applications in data analysis and predictive modeling across various fields.,Yes,No,No,"Funding of up to $500,000 available for successful proposals.",2023-01-10,2023-15-05,full proposal,"John Smith: johnsmith@nsf.gov, Jane Doe: janedoe@nsf.gov"
HQ003425NFOEASD05,Yes,Yes,No,Bilateral Academic Research Initiative Pilot Program (BARI),"US Department of Defense (DoD), Office of the Secretary of Defense (OSD)","Bilateral collaboration, Academic research, Robotics, Embodied intelligence, Fundamental research, Communication technology, Cognitive science, Distributed intelligence, Social concepts, Basic research","Basic Research in Science and Engineering, Applied and Advanced Research, Communication Technologies, Robotics, Cognitive Sciences","Robotics, Artificial Intelligence, Communication Technologies, Distributed Systems, Human-Machine Interaction","The BARI program seeks collaborative basic research addressing embodied intelligence for robotics, enhancing communication technology through international partnerships between US and ROK institutions.",Yes,No,No,"Estimated $6,000,000 total funding for US research teams, with a parallel funding of up to ₩8 billion for ROK research teams.",2025-20-04,2025-29-08,full proposal,"Dr. Jean-Luc Cambier: jeanluc.cambier.civ@mail.mil, Dr. Ilwoo Park: ektmfla97@keit.re.kr"
N/A,No,No,No,N/A,N/A,,,,No usable content found.,No,No,No,N/A,N/A,N/A,N/A,N/A
2023-001,Yes,Yes,No,Innovative Research Program,National Science Foundation,"research, innovation, technology, development, academic, collaborations, grants, STEM, education, community","STEM education, research methodology, technology development, community engagement, interdisciplinary research","Educational Technology, Research Methodology, Community Engagement, STEM Education, Innovation Strategies","The proposal seeks innovative research in STEM education through interdisciplinary approaches and community collaborations, aiming to enhance technological development and academic partnerships.",No,No,No,Award info will be detailed in the RFP documents.,2023-01-05,2023-30-06,full proposal,John Smith: johnsmith@nsf.gov
CFP123,Yes,Yes,No,Innovative Research Grant,National Science Foundation,"research, innovation, technology, development, collaboration, funding, proposals, science, engineering, academic","Computer Science, Engineering, Environmental Science, Social Sciences, Health","Artificial Intelligence, Renewable Energy, Advanced Materials, Biotechnology, Data Analysis",The proposal seeks innovative research projects focusing on technology development and collaboration across disciplines to address significant scientific challenges.,Yes,No,No,Grants offered for innovative research projects with interdisciplinary collaboration.,2023-01-02,2023-30-06,full proposal,John Smith: johnsmith@nsf.gov
CFP-2023-001,Yes,Yes,No,Innovative Research Fund,National Science Foundation,"research, innovation, technology, education, sustainability, collaboration, development, science, engineering, impact","Education, Technology Development, Environmental Sustainability","Educational Technology, Sustainable Development, Collaborative Research, Funding Opportunities, Innovation Management","This proposal encourages innovative research that promotes technology and education for sustainable development, fostering collaboration across disciplines to maximize impact.",Yes,No,No,Funding for innovative research projects aimed at sustainability and technology integration in education.,2023-01-05,2023-30-06,full proposal,John Smith: johnsmith@nsf.gov
ONR N0001425SF00 2,Yes,Yes,No,Fiscal Year (FY) 2026 Department of Defense Multidisciplinary Research Program of the University Research Initiative (MURI),Air Force Office of Scientific Research,"research opportunity, MURI, defense, multidisciplinary, applications, grants, fundamental research, proposals, innovation, funding",see full announcement in Related Documents folder for detailed descriptions of the SPECIFIC MURI TOPICS,"Artificial Intelligence, Materials Science, Fluid Dynamics, Environmental Science, Quantum Computing","The FY 2026 MURI seeks innovative proposals in multidisciplinary research areas relevant to national defense, inviting academic institutions to advance fundamental knowledge.",Yes,Yes,No,"Typical annual funding per grant is up to $1.5M, for a total estimated amount of approximately $170 million over five years.",2025-18-04,2025-05-02,white paper,Katie Wisecarver: afosr.rtb.muri@us.af.mil
ONR N0001425SF00 2,Yes,Yes,No,Fiscal Year (FY) 2026 Department of Defense Multidisciplinary Research Program of the University Research Initiative (MURI),Office of Naval Research,"research, modeling, thermosphere, dynamics, environmental, AI, polymers, metamaterials, robotics, chemical","Characterization and Modeling of the Mesosphere and Lower Thermosphere, Ethical Constructs and Adaptive Learning Systems, Structured Light for High Field, High Intensity Laser-Matter Interactions, Optics with Dynamically Reconfigurable Arrays of Molecules and Atoms, 2D/3D Heterostructures via Remote Epitaxy","Environmental Intelligence, Holographic Duality, Machine Learning, Materials Science, Computational Physics","The MURI program funds multidisciplinary university research for innovative capabilities in science and technology, addressing advanced DoD challenges and fostering breakthroughs.",Yes,Yes,No,"Awards will total approximately $170 million over five years, with an average annual funding of $1.5 million per grant.",2025-25-05,2025-05-09,full proposal,"Dr. Amanda Netburn: Amanda.N.Netburn.civ@us.navy.mil, Dr. Sue Kase: usarmy.rtp.devcom- arl.mbx.aro -muri@army.mil, Ms. Katie Wisecarver: afosr.rtb.muri@us.af.mil"
CFP-2023-001,Yes,Yes,No,Innovative Technology Development,National Science Foundation,"technology, innovation, development, research, academic, funding, projects, collaboration, science, engineering","Technology, Innovation, Research and Development","Computer Science, Engineering, Technology Development, Innovation Management, Applied Research",This proposal focuses on funding innovative technology development projects in academic institutions to foster research and encourage collaboration among scientists and engineers.,No,No,No,Funding for selected projects aimed at technological advancement.,2023-01-06,2023-31-12,full proposal,"John Smith: johnsmith@nsf.gov, Sarah Lee: sarahlee@nsf.gov"
CFP-2023-001,Yes,Yes,No,Innovative Research Program,National Science Foundation,"research, innovation, technology, sustainable development, social impact, interdisciplinary, data analysis, environmental science, education, community engagement","Environmental Research, Technology Development, Education, Social Sciences, Sustainability","Sustainable Development, Environmental Science, Data Analysis, Education Technology, Community Engagement",This proposal invites innovative research aimed at promoting sustainable development through technology and community engagement across various fields including education and environmental science.,No,No,No,Funding opportunities and grants available for research projects.,2023-01-11,2023-15-05,full proposal,"John Smith: john.smith@example.com, Jane Doe: jane.doe@example.com"
HHS-2025-ACF-OHS-CH-0085,Yes,Yes,No,"Head Start/Early Head Start Recipient - Multiple Communities in CO, DE, LA, NC, OK, OR, TN, TX",Administration for Children and Families,"Head Start, Early Head Start, funding, early childhood education, low-income children, community-based services, child development, education grants, federal funding, family support","Head Start, Early Head Start, child development, education, family support","Early Childhood Education, Family Services, Child Development, Low-Income Support, Education Policy",Funding opportunity for organizations to provide Head Start and Early Head Start services to disadvantaged children and families across eight states with a total funding of approximately $70.7 million.,No,No,No,"Approximately $70,714,054 is available, with up to 20 awards ranging from $1,066,650 to $20,276,444 each, over a 60-month project period starting July 1, 2025.",2025-29-04,2025-29-04,full proposal,Kesley Shaw: OHSgrants@koniag-gs.com; Guadalupe Quiroz: OHSgrants@koniag-gs.com
HHS-2025-IHS-TMD-0002,Yes,No,No,Tribal Management Grant (TMG) Program,Indian Health Service (IHS),"health management, Tribal Organizations, technical assistance, funding, ISDEAA, health services, planning, evaluation, capacity building, performance measures",Tribal Management Grants,"health management, indigenous health, program evaluation, capacity building, healthcare infrastructure","The program supports Tribes in managing health services under ISDEAA to enhance health management infrastructure through grants for planning, evaluation, and technical assistance.",No,No,No,"Grants ranging from $50,000 to $150,000 for capacity building and support for the management of health services.",2025-28-04,2025-28-04,full proposal,Kenneth A. Coriz: Kenneth.Coriz@ihs.gov
CFP-2023-01,Yes,Yes,No,Advanced Robotics Research,National Science Foundation,"robotics, automation, AI, machine learning, control systems, sensor technologies, human-robot interaction, autonomous systems, networked robotics, environmental monitoring","Robotics, Artificial Intelligence, Mechanical Engineering, Computer Science, Environmental Technologies","Robotics, Artificial Intelligence, Human-Robot Interaction, Sensor Technologies, Control Systems","The proposal seeks research to advance robotics through AI and automation, focusing on interactions, sensor technologies, and applications in environmental monitoring.",Yes,No,No,Funding for innovative robotics research projects,2023-01-11,2023-15-03,full proposal,"Dr. John Smith: johnsmith@nsf.gov, Dr. Jane Doe: janedoe@nsf.gov"
CFP-2023-01,Yes,Yes,No,Innovative Research Grants,National Science Foundation,"Innovation, Research, Grants, Technology, Science, Collaboration, Development, Education, Funding, Discovery","STEM Education, Environmental Sustainability, Advanced Manufacturing, Cybersecurity, Data Science","Social Sciences, Environmental Studies, Technology Development, Educational Research, Public Policy",The NSF invites proposals for innovative research grants aimed at advancing technology and education through collaboration and funding.,No,No,No,Grants available for innovative research projects in various fields.,2023-15-02,2023-15-04,full proposal,John Smith: johnsmith@nsf.gov
CFP-123-2023,Yes,Yes,No,Innovative Research Proposals,National Science Foundation,"innovation, research, technology, funding, collaboration, development, education, science, engineering, advancement","Emerging Technologies, Educational Applications, Scientific Research","Technology Development, Educational Innovation, Scientific Research, Collaboration Methods, Engineering Solutions","This proposal seeks innovative research ideas that advance technology and education, fostering collaboration among institutions to enhance scientific understanding and application.",Yes,No,No,Funding for innovative research projects focusing on technology and education.,2023-01-02,2023-30-06,full proposal,John Smith: johnsmith@nsf.gov
W911NF25S0005,Yes,Yes,No,Research and Education Program for HBCUs/MIs,Department of Defense,"equipment acquisition, research enhancement, HBCUs, MIs, STEM education, funding opportunity, instrumentation, DoD interests, educational impact, grant proposal",Research and Education Program for Historically Black Colleges and Universities and Minority-Serving Institutions (HBCU/MI) Equipment/Instrumentation,"STEM education, equipment acquisition, minority-serving institutions, educational impact, research capabilities",The DoD aims to enhance research capabilities of HBCUs/MIs through funding for equipment/instrumentation acquisitions to strengthen STEM education and research.,No,No,No,"Approximately $55 million for equipment and instrumentation, with individual awards ranging from $200,000 to $1,000,000 and a performance period of 12 months.",2025-02-01,2025-28-04,full proposal,"Evelyn Kent: Evelyn.W.Kent.civ@mail.mil, Tamika Carey: Tamika.A.Carey.ctr@mail.mil, Tara Smith: Tara.L.Smith38.ctr@mail.mil, Patrice D. Collins: patrice.d.collins.civ@army.mil, Monique Wright: monique.n.wright3.civ@army.mil, Marcia Johnson: marcia.a.johnson22.ctr@mail.mil, William A. Creech: William.A.Creech3.civ@army.mil"
CFP-12345,Yes,Yes,No,Innovative Research Grant,Research Funding Agency,"education, technology, innovation, research, collaboration, development, grants, proposal, academic, funding","Research in Education, Technology Development, Collaborative Projects","Educational Technology, Innovation in Research, Collaboration Methods, Grant Development, Academic Research",This proposal seeks innovative projects in educational technology fostering collaboration and research to enhance learning outcomes and student engagement in academic settings.,No,No,No,Funding available for projects enhancing education through innovative technologies.,2025-01-10,2025-15-03,full proposal,"John Smith: johnsmith@researchfundingagency.com, Jane Doe: janedoe@researchfundingagency.com"
Fiscal Year 2026 Department of Defense (DoD) Defense University Research Instrumentation Program (DURIP),Yes,Yes,No,Defense University Research Instrumentation Program,Department of Defense (DoD),"research, instrumentation, funding, education, equipment, DoD, universities, grants, STEM, academic","Science, Engineering, Technology, Higher Education, National Defense","Research Infrastructure, STEM Education, Defense Technologies, Equipment Acquisition, Higher Education Funding",DURIP aims to enhance U.S. universities' research capabilities by funding major equipment or instrumentation essential for scientific education relevant to national defense.,No,No,No,"Grants for the acquisition of major research equipment, funding amounts between $50,000 and $3,000,000.",2025-11-04,2025-25-04,full proposal,"Katie Wisecarver: afosr.rtb.durip@us.af.mil, Sue Kase: usarmy.rtp.devcom-arl.mbx.aro-durip@army.mil, Amanda Netburn: onr.ncr.durip@us.navy.mil"
AFOSR: NOFOAFRLAFOSR20250005,Yes,Yes,No,Fiscal Year (FY) 2026 Defense University Research Instrumentation Program (DURIP),Department of Defense (DoD),"research, instrumentation, colleges, equipment, DoD missions, education, grants, defense research, proposals, STEM",Defense University Research Instrumentation Program,"Defense Research, University Research Initiatives, STEM Education, Instrumentation Development, National Security","The DURIP seeks proposals from universities for equipment acquisition to support research aligned with DoD priorities, enhancing education and research capabilities.",No,No,No,"Awards typically range from $50,000 to $3 million, contingent on funding availability, for the acquisition of major research equipment.",2025-11-04,2025-25-04,full proposal,"Ms. Katie Wisecarver: afosr.rtb.durip@us.af.mil, Dr. Sue Kase: usarmy.rtp.devcom-arl.mbx.aro-durip@army.mil, Dr. Amanda Netburn: onr.ncr.durip@us.navy.mil"
NOFOAFRLAFOSR20250005,Yes,Yes,No,Defense University Research Instrumentation Program (DURIP),Department of Defense (DoD),"research equipment, higher education, national defense, instrumentation, grants, scientific research, STEM education, DoD missions, proposal funding, academic institutions",,"Research Instruments, Higher Education Development, Defense Research, STEM Education, DoD Research Priorities","DURIP aims to enhance research in national defense through funding for equipment at U.S. educational institutions, excluding for-profits, totaling $34 million.",No,No,No,"Grants for acquiring major equipment or instrumentation between $50,000 and $3,000,000 for eligible educational institutions.",2025-11-04,2025-25-04,full proposal,"Katie Wisecarver: afosr.rtb.durip@us.af.mil, Sue Kase: usarmy.rtp.devcom-arl.mbx.aro-durip@army.mil, Amanda Netburn: onr.ncr.durip@us.navy.mil, Jorge Gallegos: jorge.gallegos@us.af.mil, Ramila Century: ramila.century.civ@army.mil, Veronica Lacey: veronica.y.lacey.civ@us.navy.mil"
CFP-0023,Yes,Yes,No,Advanced Research Initiative,National Science Foundation,"research, innovation, technology, aerospace, engineering, sustainability, artificial intelligence, robotics, collaboration, education","Aerospace Engineering, Artificial Intelligence, Robotics, Education, Sustainability","Innovation Management, Artificial Intelligence, Aerospace Engineering, Robotics, Sustainability Studies","This proposal aims to foster advanced research in aerospace technology, focusing on sustainability and innovation through collaboration among academic institutions.",Yes,No,No,"Funding for innovative aerospace research projects up to $500,000.",2023-01-05,2023-30-06,full proposal,Dr. Emily White: emilywhite@nsf.gov
NOFOAFRLAFOSR20250004,Yes,Yes,No,INnovations in Qubit Science for Fault Tolerant Quantum Computing (INQS),Air Force Office of Scientific Research,"quantum computing, qubits, fault-tolerance, scalability, solid-state, basic research, data management, novel techniques, advanced materials, fabrication methods","solid-state quantum computing, fault-tolerant quantum computing, qubit design and integration, data management in quantum research, innovative quantum techniques","Quantum Computing, Solid-State Physics, Materials Science, Electrical Engineering, Information Technology",The INQS program invites proposals for revolutionary qubit approaches to enhance fault-tolerant quantum computing capabilities through solid-state qubits at various maturity levels.,No,No,No,"AFOSR plans to fund 8 awards of $150,000 to $750,000 annually for 2-5 years, based on proposal quality.",2025-25-02,2025-12-05,white paper,"Dr. Jiwei Lu: jiwei.lu@us.af.mil, Ms. Aleah L. Parker: aleah.parker@us.af.mil"
CFP_001,Yes,Yes,No,Innovative Research Grant,National Science Foundation,"research, innovation, technology, education, funding, grants, academic, collaboration, impact, outreach","Educational Technology, STEM Education, Community Engagement, Research Development, Public Policy","Education Policy, Technology in Education, Community Development, Research Methodology, Academic Collaboration","This proposal seeks funding to enhance innovative research practices in education through technology, fostering collaboration and outreach to maximize community impact.",No,No,No,Funding for innovative educational research projects.,2025-01-02,2025-30-04,full proposal,John Smith: johnsmith@nsf.gov
W911NF-25-S-0006,Yes,Yes,No,U.S. Army Research Institute for the Behavioral and Social Sciences Funding Opportunity Announcement for Basic Research (Fiscal Year 2026),U.S. Army Research Institute for the Behavioral and Social Sciences (ARI),"behavioral science, basic research, personnel, team dynamics, organizational systems, learning and development, assessment methods, psychometric theory, innovation, Army personnel","Measurement of Individuals and Collectives, Teams and Small Groups, Organizations and Systems, Formal and Informal Learning and Development","Behavioral Science, Personnel Psychology, Organizational Behavior, Team Dynamics, Learning and Development",The U.S. Army seeks proposals for basic research in behavioral science to enhance personnel readiness and support operational effectiveness over the next two decades.,Yes,Yes,No,"Awards will be obligated between 1 October 2025 and 30 September 2026, typically around $750,000 for standard proposals and $125,000 for early career proposals.",2025-04-02,2025-01-07,full proposal,Dr. Kimberly Wingert: kimberly.m.wingert.civ@army.mil
CFP-001,Yes,Yes,No,Research and Development Grants,National Science Foundation,"innovation, technology, research, development, education, collaboration, funding, science, engineering, advancement","STEM education, technology development, engineering research","Research and Development, Education Technology, STEM Initiatives, Engineering Innovations, Collaborative Research",This proposal solicits innovative research projects aimed at advancing technology and education in STEM fields through collaboration and funding opportunities.,No,No,No,Funding for innovative research and development in STEM education and related fields.,2023-01-20,2023-30-06,full proposal,John Smith: johnsmith@nsf.gov
MA-PID-25-001,Yes,No,No,FY 2025 Port Infrastructure Development Program,Maritime Administration,"PIDP, ports, infrastructure, grants, development, safety, efficiency, environmental justice, funding, intermodal","Port Infrastructure Development, Maritime Safety, Environmental Sustainability, Economic Development, Grant Programs","Infrastructure Development, Maritime Transportation, Environmental Engineering, Economic Policy, Urban Planning","The PIDP 2025 supports $450M in projects enhancing port safety and efficiency, allowing applications until April 30, 2025, with a focus on equitable infrastructure development.",No,No,No,"$450 million available for FY 2025 projects to enhance port safety, efficiency, and environmental sustainability.",2024-20-12,2025-30-04,full proposal,Aubrey Parsons: aubrey.parsons@dot.gov
CFP-2023-42,Yes,Yes,No,Research Innovation Grants,National Science Foundation,"innovation, research, technology, development, collaboration, social impact, funding, grants, academic institutions, proposals","funding opportunities, scientific research, technology development","Innovation Studies, Social Impact Assessment, Technology Development, Grant Management, Collaborative Research",This CFP invites research proposals exploring innovative solutions that address social challenges through technology and collaboration among academic institutions and industry partners.,Yes,No,No,"Grants ranging from $50,000 to $250,000",2023-01-10,2023-30-04,full proposal,"John Smith: johnsmith@nsf.gov, Alice Doe: alicedoe@nsf.gov"
N/A,No,No,No,N/A,N/A,,,,,No,No,No,,N/A,N/A,N/A,
N/A,No,No,No,N/A,N/A,,,,,No,No,No,,N/A,N/A,N/A,
CFP-2023-001,Yes,Yes,No,Research and Innovation Grant,National Science Foundation,"research, innovation, technology, academic, funding, development, collaboration, proposal, grant, science","Research, Technology Development, Innovation Strategy, Academia, Collaboration","Science and Technology Studies, Innovation Management, Educational Research, Academic Collaboration, Grant Writing",This proposal focuses on fostering research and innovation through grants aimed at supporting academic initiatives and collaborative projects in various fields.,No,No,No,Funding available for innovative research initiatives,2023-01-11,2023-15-12,full proposal,John Smith: john.smith@nsf.gov
CFP-2023-01,Yes,Yes,No,Innovative Research Grant,National Science Foundation,"innovation, research, technology, funding, development, education, collaboration, science, engineering, solutions","Emerging Technologies, STEM Education, Environmental Science, Cybersecurity, Data Science","Research Methodology, Educational Technology, Environmental Studies, Cybersecurity Innovations, Data Analytics","The proposal seeks innovative research solutions in technology and education, emphasizing collaboration and development funding for emerging scientific fields.",No,No,No,Grants available for innovative research projects with a focus on collaborative solutions in STEM fields.,2023-01-20,2023-30-04,full proposal,"John Smith: johnsmith@nsf.gov, Mary Johnson: maryjohnson@nsf.gov"
CFP-001,Yes,Yes,No,Innovative Research Grants,National Science Foundation,"research, innovation, technology, grants, education, collaboration, methods, applications, development, science","STEM education, technology development, interdisciplinary research, societal impact, workforce development","Educational Technology, Social Sciences, Natural Sciences, Computer Science, Interdisciplinary Research","This proposal aims to foster innovative research in STEM fields through collaboration, addressing emerging challenges with novel methods and applications, and advancing educational practices.",No,No,No,Grants available for innovative research projects in STEM fields.,2023-01-15,2023-30-06,full proposal,John Smith: johnsmith@example.com
CFP-1234,Yes,Yes,No,Innovative AI Solutions,National Science Foundation,"AI, research, innovation, technology, solutions, development, algorithms, machine learning, data analysis, applications","Artificial Intelligence, Machine Learning, Data Science","AI Research, Data Analysis, Algorithm Development, Innovation in Technology, Machine Learning Applications","This proposal seeks innovative AI solutions for real-world problems, emphasizing research and development in advanced algorithms and applications across various sectors.",Yes,No,No,Funding opportunity for research projects in AI,2023-01-01,2023-30-06,full proposal,John Doe: johndoe@nsf.gov
CFP-001,Yes,Yes,No,Innovative Research Program,National Science Foundation,"research, innovation, technology, development, collaboration, education, funding, proposals, science, impact","Advanced Manufacturing, Cyber-Physical Systems, Artificial Intelligence, Clean Energy Technologies, Health Innovations","Technology Development, Educational Research, Environmental Science, Computer Science, Engineering","This proposal invites innovative research ideas to enhance technological advancements and collaboration across various scientific disciplines, aiming for impactful solutions.",Yes,Yes,No,Funding available for groundbreaking research proposals that address critical scientific challenges.,2023-01-10,2023-30-06,full proposal,John Smith: johnsmith@example.com
F25AS00188,Yes,Yes,No,Coastal Program FY25,U.S. Fish and Wildlife Service,"coastal ecosystems, technical support, financial support, conservation challenges, fish habitats, wildlife habitats, cooperative agreements, restoration, biodiversity, community-based","Coastal habitat conservation, Species conservation, Ecosystem connectivity, Resilient ecosystems, Community engagement","Conservation Biology, Environmental Science, Habitat Restoration, Marine and Coastal Ecology, Wildlife Management",The Coastal Program provides technical and financial assistance to restore and protect coastal ecosystems through partnerships with various agencies and landowners.,No,No,No,"Estimated total funding: $6,000,000; Expected awards: 150; Award ceiling: $500,000; Award floor: $1; No cost-sharing required.",2025-01-01,2025-09-30,full proposal,Chris Darnell: chris_darnell@fws.gov
F25AS00165,Yes,Yes,No,Partners for Fish and Wildlife FY25,U.S. Fish and Wildlife Service,"habitat restoration, financial assistance, technical support, conservation, private landowners, ecosystems, species protection, biodiversity, cooperative agreements, environmental sustainability","Fish and Wildlife Conservation, Habitat Restoration, Environmental Sustainability","Ecology, Environmental Science, Conservation Biology, Wildlife Management, Land Use Planning",The PFW Program aids private landowners in restoring and protecting habitats for fish and wildlife through technical assistance and financial support via cooperative agreements.,No,No,No,"Estimated total funding is $15,000,000; expected number of awards: 500; award ceiling: $750,000; award floor: $1.",2025-01-01,2025-09-30,full proposal,Andreas Moshogianis: andreas_moshogianis@fws.gov
CFP-2023-001,Yes,Yes,No,Innovative Technology Solutions,Tech Agency,"research, innovation, technology, solutions, development, collaboration, funding, proposals, projects, academic","AI, robotics, data science, sustainable technologies","Artificial Intelligence, Robotics, Data Science, Sustainable Development, Educational Technologies",The proposal seeks innovative technology solutions to improve academic collaboration and development in various fields through research funding.,Yes,No,No,Funding for innovative projects in technology and research.,2023-15-11,2024-30-01,full proposal,John Doe: johndoe@techagency.com
N/A,No,Yes,No,N/A,N/A,N/A,N/A,N/A,No usable content found; no relevant information to summarize regarding the proposal.,No,No,No,N/A,N/A,N/A,N/A,N/A
NOAA-NMFS-HCPO-2025-29770,Yes,Yes,No,Fiscal Year 2025 NOAA Delaware Bay B-WET Funding Program,Fisheries Habitat Conservation Program Office (HCPO),"environmental education, watershed, K-12, funded projects, Meaningful Watershed Educational Experiences, outdoor learning, community involvement, environmental literacy, teacher training, Delaware Bay","Bay Watershed Education and Training (B-WET), environmental education, Meaningful Watershed Educational Experiences (MWEEs), student engagement, community action","environmental education, sustainability, community engagement, curriculum development, environmental literacy","Funding opportunities for K-12 environmental education projects promote student engagement and stewardship within the Delaware Bay watershed, emphasizing meaningful experiences and professional development.",No,No,No,"Award amounts up to $75,000 annually for projects supporting Meaningful Watershed Educational Experiences across the Delaware Bay watershed; total funding availability is up to $550,000.",2025-18-04,2025-18-04,full proposal,Bart Merrick: bart.merrick@noaa.gov
F25AS00228,Yes,Yes,No,Candidate Species Conservation Fund,U.S. Fish and Wildlife Service,"Endangered Species Act, conservation, candidate species, habitat restoration, wildlife protection, federal funding, at-risk species, proactive measures, partnerships, ecological services","candidate species conservation, wildlife protection, habitat restoration, ecosystem conservation, collaborative management","Wildlife Conservation, Environmental Science, Ecology, Biodiversity, Habitat Management",This funding opportunity promotes proactive conservation measures for at-risk species to improve habitats and reduce the need for federal protections under the Endangered Species Act.,No,No,No,"Estimated total funding: $500,000; expected number of awards: 20; award floor: $1,000; no cost-sharing required.",2025-01-06,2025-30-09,full proposal,"Lasha-Lynn Salbosa: lasha-lynn_salbosa@fws.gov, Greg Burak: greg_burak@fws.gov, Jennifer Siani: jennifer_siani@fws.gov, Rose Agbalog: rose_agbalog@fws.gov, Vanessa Burge: vanessa_burge@fws.gov, Erik Olson: erik_olson@fws.gov, Rebecca Harrison: rebecca_harrison@fws.gov, Sarah A. Furtak: sarah_furtak@fws.gov, Angela Burgess: Angela_burgess@fws.gov, Nichole Bjornlie: Nichole_Bjornlie@fws.gov, Ashleigh Blackford: ashleigh_blackford@fws.gov"
20250506-AA-AB-AC-AD-AE,Yes,Yes,No,Humanities Initiatives,National Endowment for the Humanities,"humanities, education, curriculum development, teaching resources, community engagement, faculty development, higher education, grant funding, student enrichment, partnerships","Humanities Initiatives at Colleges and Universities, Humanities Initiatives at Historically Black Colleges and Universities, Humanities Initiatives at Hispanic- Serving Institutions, Humanities Initiatives at Tribal Colleges and Universities, Humanities Initiatives at Community Colleges","Education, Humanities, Curriculum Development, Faculty Development, Community Engagement","NEH invites applications for Humanities Initiatives to enhance humanities education at higher education institutions through curriculum development, resources, and community partnerships.",No,No,No,"Approximately 25 grants up to $150,000 each will be awarded; total funding of about $3.75 million. Period of performance is 1-3 years.",2025-25-01,2025-06-05,full proposal,"NEH Division of Education Programs: hi@neh.gov, 202-606-2324"
NOFO AFRLAFOSR20250003,Yes,Yes,No,"AFRL FY25 Compositional Optimization, Dynamical Systems and Control (CODAC) UNIVERSITY CENTER OF EXCELLENCE",Air Force Office of Scientific Research,"compositional optimization, dynamical systems, control, Air Force, research, academic institutions, collaborative research, optimization problems, joint decision-making, engineering","Compositional Optimization, Dynamical Systems, Control","Optimization Algorithms, Control Systems, Artificial Intelligence, Aerospace Engineering, Systems Engineering","The Air Force seeks educational institutions to establish a University Center for CODAC focusing on optimization, decision-making, and control systems research aligned with USAF and USSF needs.",No,No,No,"AFOSR anticipates making at least one grant award of up to $1,150,000 per year for a maximum of five years, contingent upon research success.",2025-21-01,2025-21-04,white paper,Elizabeth Burzenski: Elizabeth.Burzenski@us.af.mil
DE-FOA-0003545,Yes,Yes,No,EXPRESS: 2025 Exploratory Research for Extreme-Scale Science,Department of Energy (DOE),"scientific computing, extreme-scale science, quantum computing, neuromorphic computing, AI models, computational physical systems, research funding, innovative approaches, deep learning, computational research",Advanced Scientific Computing Research,"Quantum Computing, Neuromorphic Computing, Artificial Intelligence, Computational Systems, Analog Computing",The R&D program seeks innovative approaches to enhance scientific computing and extreme-scale science through basic research and exploration of high-impact technologies.,Yes,Yes,No,"Total funding available: $16,000,000; Individual awards from $200,000 to $1,000,000; Project period: 2 years.",2025-20-01,2025-06-05,full proposal,Hal Finkel: hal.finkel@science.doe.gov
CFP-001,Yes,Yes,No,Innovative Research Grants,National Science Foundation,"research, innovation, technology, education, public policy, grant funding, collaboration, STEM, outreach, community","STEM education, societal impact, technology innovation","Technology Development, Educational Research, Community Engagement, STEM Outreach, Policy Analysis",This proposal seeks innovative research projects that enhance educational practices and promote public engagement in science and technology.,No,No,No,Grants will be awarded for innovative research proposals.,2023-01-03,2023-15-06,full proposal,John Smith: john.smith@nsf.gov
HRSA-25-020,Yes,Yes,No,Maternal and Child Health Research Consortium (MCH RC),Maternal and Child Health Bureau (MCHB),"maternal health, child health, research, public health, health disparities, pediatric care, intervention studies, community partnerships, healthcare policies, evidence-based strategies",Maternal and Child Health Research Consortium (MCH RC),"Reproductive Health, Pediatric Health, Health Policy Research, Health Disparities Research, community health interventions","The MCHB RCP aims to enhance maternal and child health outcomes through collaborative research, community partnerships, and evidence-based strategies, addressing critical health disparities.",No,No,No,"Funding of up to $600,000 in year one and up to $800,000 in years two and three, covering three-year research projects.",2025-17-01,2025-23-04,full proposal,"Jessica DiBari, PhD: MCH_RC@hrsa.gov"
